[
    {
        "ville": "Paris",
        "code_postal": "75000"
    },
    {
        "ville": "Marseille",
        "code_postal": "13000"
    },
    {
        "ville": "Lyon",
        "code_postal": "69000"
    },
    {
        "ville": "Toulouse",
        "code_postal": "31000"
    },
    {
        "ville": "Nice",
        "code_postal": "06000"
    },
    {
        "ville": "Nantes",
        "code_postal": "44000"
    },
    {
        "ville": "Strasbourg",
        "code_postal": "67000"
    },
    {
        "ville": "Montpellier",
        "code_postal": "34000"
    },
    {
        "ville": "Bordeaux",
        "code_postal": "33000"
    },
    {
        "ville": "Lille",
        "code_postal": "59000"
    },
    {
        "ville": "Nancy",
        "code_postal": "54000"
    },
    {
        "ville": "Rennes",
        "code_postal": "35000"
    },
    {
        "ville": "Reims",
        "code_postal": "51100"
    },
    {
        "ville": "Le Havre",
        "code_postal": "76600"
    },
    {
        "ville": "Saint-Étienne",
        "code_postal": "42000"
    }
]